{
  "playwright.config.js": 1775747587.7230244,
  "vite.config.js": 1775747005.1079392,
  "vitest.config.js": 1775749596.644355,
  "main.js": 1702928911.6192012,
  "rollup.config.js": 1715186404.1361377,
  "types/findInstructions.d.ts": 1775747014.5687258,
  "types/main.d.ts": 1775747014.5962942,
  "types/setInstruction.d.ts": 1775747014.5703552,
  "types/methods/hide.d.ts": 1775747014.571754,
  "types/methods/jumpsReset.d.ts": 1775747014.5811584,
  "types/methods/jump.d.ts": 1775747014.5788813,
  "types/methods/listShortcuts.d.ts": 1775747014.5725722,
  "types/methods/jumpBack.d.ts": 1775747014.5801046,
  "types/methods/index.d.ts": 1734032993.8985457,
  "types/methods/show.d.ts": 1775747014.5780683,
  "types/methods/setScenes.d.ts": 1775747014.5764768,
  "types/src/findInstructions.d.ts": 1774331028.2620726,
  "types/src/main.d.ts": 1774331028.2866547,
  "types/src/setInstruction.d.ts": 1774331028.2635846,
  "types/src/methods/hide.d.ts": 1774331028.2649617,
  "types/src/methods/jumpsReset.d.ts": 1774331028.2733746,
  "types/src/methods/jump.d.ts": 1774331028.2712362,
  "types/src/methods/listShortcuts.d.ts": 1774331028.2657318,
  "types/src/methods/jumpBack.d.ts": 1774331028.272342,
  "types/src/methods/show.d.ts": 1774331028.2705016,
  "types/src/methods/setScenes.d.ts": 1774331028.2690504,
  "test/01-findPosition.test.js": 1762684004.7208605,
  "test/02-cuts.test.js": 1762683999.2773185,
  "test-e2e/vite.config.js": 1775747576.199647,
  "test-e2e/01-general.test.js": 1775748664.7938879,
  "coverage/lcov-report/block-navigation.js": 1775749651.7539763,
  "coverage/lcov-report/prettify.js": 1775749651.7545831,
  "coverage/lcov-report/sorter.js": 1775749651.7543092,
  "src/main.js": 1762682459.954932,
  "src/findInstructions.js": 1761203709.521908,
  "src/setInstruction.js": 1761165393.1722348,
  "src/methods/listShortcuts.js": 1734775137.1596165,
  "src/methods/jumpsReset.js": 1760945941.3071249,
  "src/methods/jump.js": 1760945931.6560884,
  "src/methods/show.js": 1761214660.90501,
  "src/methods/jumpBack.js": 1760945937.0249515,
  "src/methods/setScenes.js": 1761219590.2996268,
  "src/methods/hide.js": 1761195475.0249836,
  "Changelog.md": 1776938480.0698996,
  "Migration.guide.md": 1762682470.1813977,
  "README.md": 1778474994.5648646,
  "AGENTS.md": 1780688618.8972664,
  "cuts.png": 1762812566.1244016,
  "coverage/lcov-report/favicon.png": 1775749651.7540824,
  "coverage/lcov-report/sort-arrow-sprite.png": 1775749651.7541811
}